{"id":1725718491625,"appId":"li.songe.gkd","activityId":"li.songe.gkd.MainActivity","screenHeight":2400,"screenWidth":1080,"isLandscape":false,"appInfo":{"id":"li.songe.gkd","name":"GKD","versionCode":42,"versionName":"1.8.0","isSystem":false,"mtime":1725711723652,"hidden":false},"gkdAppInfo":{"id":"li.songe.gkd","name":"GKD","versionCode":42,"versionName":"1.8.0","isSystem":false,"mtime":1725711723652,"hidden":false},"device":{"device":"fuxi","model":"2211133C","manufacturer":"Xiaomi","brand":"Xiaomi","sdkInt":34,"release":"14"},"appName":"GKD","appVersionCode":42,"appVersionName":"1.8.0","nodes":[{"id":0,"pid":-1,"idQf":null,"textQf":null,"attr":{"id":null,"vid":null,"name":"android.widget.FrameLayout","text":null,"desc":null,"clickable":false,"focusable":false,"checkable":false,"checked":false,"editable":false,"longClickable":false,"visibleToUser":true,"left":0,"top":0,"right":1080,"bottom":2400,"width":1080,"height":2400,"childCount":2,"index":0,"depth":0}},{"id":1,"pid":0,"idQf":null,"textQf":null,"attr":{"id":null,"vid":null,"name":"android.widget.LinearLayout","text":null,"desc":null,"clickable":false,"focusable":false,"checkable":false,"checked":false,"editable":false,"longClickable":false,"visibleToUser":true,"left":0,"top":0,"right":1080,"bottom":2400,"width":1080,"height":2400,"childCount":1,"index":0,"depth":1}},{"id":2,"pid":1,"idQf":true,"textQf":null,"attr":{"id":"android:id/content","vid":null,"name":"android.widget.FrameLayout","text":null,"desc":null,"clickable":false,"focusable":false,"checkable":false,"checked":false,"editable":false,"longClickable":false,"visibleToUser":true,"left":0,"top":0,"right":1080,"bottom":2400,"width":1080,"height":2400,"childCount":1,"index":0,"depth":2}},{"id":3,"pid":2,"idQf":null,"textQf":null,"attr":{"id":null,"vid":null,"name":"w0.g0","text":null,"desc":null,"clickable":false,"focusable":false,"checkable":false,"checked":false,"editable":false,"longClickable":false,"visibleToUser":true,"left":0,"top":0,"right":1080,"bottom":2400,"width":1080,"height":2400,"childCount":1,"index":0,"depth":3}},{"id":4,"pid":3,"idQf":null,"textQf":null,"attr":{"id":null,"vid":null,"name":"android.view.View","text":null,"desc":null,"clickable":false,"focusable":false,"checkable":false,"checked":false,"editable":false,"longClickable":false,"visibleToUser":true,"left":0,"top":0,"right":1080,"bottom":2400,"width":1080,"height":2400,"childCount":1,"index":0,"depth":4}},{"id":5,"pid":4,"idQf":null,"textQf":null,"attr":{"id":null,"vid":null,"name":"android.view.View","text":null,"desc":null,"clickable":false,"focusable":false,"checkable":false,"checked":false,"editable":false,"longClickable":false,"visibleToUser":true,"left":0,"top":0,"right":1080,"bottom":2400,"width":1080,"height":2400,"childCount":2,"index":0,"depth":5}},{"id":6,"pid":5,"idQf":null,"textQf":null,"attr":{"id":null,"vid":null,"name":"android.widget.ScrollView","text":null,"desc":null,"clickable":false,"focusable":false,"checkable":false,"checked":false,"editable":false,"longClickable":false,"visibleToUser":true,"left":0,"top":280,"right":1080,"bottom":2400,"width":1080,"height":2120,"childCount":28,"index":0,"depth":6}},{"id":7,"pid":6,"idQf":null,"textQf":false,"attr":{"id":null,"vid":null,"name":"android.widget.TextView","text":"HTTP服务","desc":null,"clickable":false,"focusable":false,"checkable":false,"checked":false,"editable":false,"longClickable":false,"visibleToUser":true,"left":44,"top":283,"right":190,"bottom":328,"width":146,"height":45,"childCount":0,"index":0,"depth":7}},{"id":8,"pid":6,"idQf":null,"textQf":false,"attr":{"id":null,"vid":null,"name":"android.widget.TextView","text":"HTTP服务","desc":null,"clickable":false,"focusable":false,"checkable":false,"checked":false,"editable":false,"longClickable":false,"visibleToUser":true,"left":44,"top":395,"right":211,"bottom":449,"width":167,"height":54,"childCount":0,"index":1,"depth":7}},{"id":9,"pid":6,"idQf":null,"textQf":false,"attr":{"id":null,"vid":null,"name":"android.widget.TextView","text":"在浏览器下连接调试工具","desc":null,"clickable":false,"focusable":false,"checkable":false,"checked":false,"editable":false,"longClickable":false,"visibleToUser":true,"left":44,"top":449,"right":391,"bottom":494,"width":347,"height":45,"childCount":0,"index":2,"depth":7}},{"id":10,"pid":6,"idQf":null,"textQf":null,"attr":{"id":null,"vid":null,"name":"android.view.View","text":null,"desc":null,"clickable":true,"focusable":true,"checkable":true,"checked":false,"editable":false,"longClickable":false,"visibleToUser":true,"left":893,"top":378,"right":1036,"bottom":510,"width":143,"height":132,"childCount":0,"index":3,"depth":7}},{"id":11,"pid":6,"idQf":null,"textQf":null,"attr":{"id":null,"vid":null,"name":"android.view.View","text":null,"desc":null,"clickable":true,"focusable":true,"checkable":false,"checked":false,"editable":false,"longClickable":false,"visibleToUser":true,"left":0,"top":543,"right":1080,"bottom":708,"width":1080,"height":165,"childCount":3,"index":4,"depth":7}},{"id":12,"pid":11,"idQf":null,"textQf":false,"attr":{"id":null,"vid":null,"name":"android.widget.TextView","text":"服务端口","desc":null,"clickable":false,"focusable":false,"checkable":false,"checked":false,"editable":false,"longClickable":false,"visibleToUser":true,"left":44,"top":576,"right":190,"bottom":630,"width":146,"height":54,"childCount":0,"index":0,"depth":8}},{"id":13,"pid":11,"idQf":null,"textQf":false,"attr":{"id":null,"vid":null,"name":"android.widget.TextView","text":"8888","desc":null,"clickable":false,"focusable":false,"checkable":false,"checked":false,"editable":false,"longClickable":false,"visibleToUser":true,"left":44,"top":630,"right":127,"bottom":675,"width":83,"height":45,"childCount":0,"index":1,"depth":8}},{"id":14,"pid":11,"idQf":null,"textQf":null,"attr":{"id":null,"vid":null,"name":"android.view.View","text":null,"desc":"服务端口","clickable":false,"focusable":false,"checkable":false,"checked":false,"editable":false,"longClickable":false,"visibleToUser":true,"left":970,"top":593,"right":1036,"bottom":659,"width":66,"height":66,"childCount":0,"index":2,"depth":8}},{"id":15,"pid":6,"idQf":null,"textQf":false,"attr":{"id":null,"vid":null,"name":"android.widget.TextView","text":"清除订阅","desc":null,"clickable":false,"focusable":false,"checkable":false,"checked":false,"editable":false,"longClickable":false,"visibleToUser":true,"left":44,"top":758,"right":190,"bottom":812,"width":146,"height":54,"childCount":0,"index":5,"depth":7}},{"id":16,"pid":6,"idQf":null,"textQf":false,"attr":{"id":null,"vid":null,"name":"android.widget.TextView","text":"当HTTP服务关闭时,删除内存订阅","desc":null,"clickable":false,"focusable":false,"checkable":false,"checked":false,"editable":false,"longClickable":false,"visibleToUser":true,"left":44,"top":812,"right":512,"bottom":857,"width":468,"height":45,"childCount":0,"index":6,"depth":7}},{"id":17,"pid":6,"idQf":null,"textQf":null,"attr":{"id":null,"vid":null,"name":"android.view.View","text":null,"desc":null,"clickable":true,"focusable":true,"checkable":true,"checked":true,"editable":false,"longClickable":false,"visibleToUser":true,"left":893,"top":741,"right":1036,"bottom":873,"width":143,"height":132,"childCount":0,"index":7,"depth":7}},{"id":18,"pid":6,"idQf":null,"textQf":false,"attr":{"id":null,"vid":null,"name":"android.widget.TextView","text":"快照","desc":null,"clickable":false,"focusable":false,"checkable":false,"checked":false,"editable":false,"longClickable":false,"visibleToUser":true,"left":44,"top":956,"right":108,"bottom":1001,"width":64,"height":45,"childCount":0,"index":8,"depth":7}},{"id":19,"pid":6,"idQf":null,"textQf":null,"attr":{"id":null,"vid":null,"name":"android.view.View","text":null,"desc":null,"clickable":true,"focusable":true,"checkable":false,"checked":false,"editable":false,"longClickable":false,"visibleToUser":true,"left":0,"top":1018,"right":1080,"bottom":1150,"width":1080,"height":132,"childCount":2,"index":9,"depth":7}},{"id":20,"pid":19,"idQf":null,"textQf":false,"attr":{"id":null,"vid":null,"name":"android.widget.TextView","text":"快照记录","desc":null,"clickable":false,"focusable":false,"checkable":false,"checked":false,"editable":false,"longClickable":false,"visibleToUser":true,"left":44,"top":1057,"right":190,"bottom":1111,"width":146,"height":54,"childCount":0,"index":0,"depth":8}},{"id":21,"pid":19,"idQf":null,"textQf":null,"attr":{"id":null,"vid":null,"name":"android.view.View","text":null,"desc":"快照记录","clickable":false,"focusable":false,"checkable":false,"checked":false,"editable":false,"longClickable":false,"visibleToUser":true,"left":970,"top":1051,"right":1036,"bottom":1117,"width":66,"height":66,"childCount":0,"index":1,"depth":8}},{"id":22,"pid":6,"idQf":null,"textQf":false,"attr":{"id":null,"vid":null,"name":"android.widget.TextView","text":"悬浮窗服务","desc":null,"clickable":false,"focusable":false,"checkable":false,"checked":false,"editable":false,"longClickable":false,"visibleToUser":true,"left":44,"top":1200,"right":226,"bottom":1254,"width":182,"height":54,"childCount":0,"index":10,"depth":7}},{"id":23,"pid":6,"idQf":null,"textQf":false,"attr":{"id":null,"vid":null,"name":"android.widget.TextView","text":"显示悬浮按钮点击保存快照","desc":null,"clickable":false,"focusable":false,"checkable":false,"checked":false,"editable":false,"longClickable":false,"visibleToUser":true,"left":44,"top":1254,"right":423,"bottom":1299,"width":379,"height":45,"childCount":0,"index":11,"depth":7}},{"id":24,"pid":6,"idQf":null,"textQf":null,"attr":{"id":null,"vid":null,"name":"android.view.View","text":null,"desc":null,"clickable":true,"focusable":true,"checkable":true,"checked":true,"editable":false,"longClickable":false,"visibleToUser":true,"left":893,"top":1183,"right":1036,"bottom":1315,"width":143,"height":132,"childCount":0,"index":12,"depth":7}},{"id":25,"pid":6,"idQf":null,"textQf":false,"attr":{"id":null,"vid":null,"name":"android.widget.TextView","text":"截屏快照","desc":null,"clickable":false,"focusable":false,"checkable":false,"checked":false,"editable":false,"longClickable":false,"visibleToUser":true,"left":44,"top":1398,"right":190,"bottom":1452,"width":146,"height":54,"childCount":0,"index":13,"depth":7}},{"id":26,"pid":6,"idQf":null,"textQf":false,"attr":{"id":null,"vid":null,"name":"android.widget.TextView","text":"触发截屏时保存快照","desc":null,"clickable":false,"focusable":false,"checkable":false,"checked":false,"editable":false,"longClickable":false,"visibleToUser":true,"left":44,"top":1452,"right":328,"bottom":1497,"width":284,"height":45,"childCount":0,"index":14,"depth":7}},{"id":27,"pid":6,"idQf":null,"textQf":false,"attr":{"id":null,"vid":null,"name":"android.widget.TextView","text":"查看限制","desc":null,"clickable":true,"focusable":true,"checkable":false,"checked":false,"editable":false,"longClickable":false,"visibleToUser":true,"left":332,"top":1409,"right":464,"bottom":1541,"width":132,"height":132,"childCount":0,"index":15,"depth":7}},{"id":28,"pid":6,"idQf":null,"textQf":null,"attr":{"id":null,"vid":null,"name":"android.view.View","text":null,"desc":null,"clickable":true,"focusable":true,"checkable":true,"checked":false,"editable":false,"longClickable":false,"visibleToUser":true,"left":893,"top":1381,"right":1036,"bottom":1513,"width":143,"height":132,"childCount":0,"index":16,"depth":7}},{"id":29,"pid":6,"idQf":null,"textQf":false,"attr":{"id":null,"vid":null,"name":"android.widget.TextView","text":"隐藏状态栏","desc":null,"clickable":false,"focusable":false,"checkable":false,"checked":false,"editable":false,"longClickable":false,"visibleToUser":true,"left":44,"top":1596,"right":226,"bottom":1650,"width":182,"height":54,"childCount":0,"index":17,"depth":7}},{"id":30,"pid":6,"idQf":null,"textQf":false,"attr":{"id":null,"vid":null,"name":"android.widget.TextView","text":"隐藏截图顶部状态栏","desc":null,"clickable":false,"focusable":false,"checkable":false,"checked":false,"editable":false,"longClickable":false,"visibleToUser":true,"left":44,"top":1650,"right":328,"bottom":1695,"width":284,"height":45,"childCount":0,"index":18,"depth":7}},{"id":31,"pid":6,"idQf":null,"textQf":null,"attr":{"id":null,"vid":null,"name":"android.view.View","text":null,"desc":null,"clickable":true,"focusable":true,"checkable":true,"checked":false,"editable":false,"longClickable":false,"visibleToUser":true,"left":893,"top":1579,"right":1036,"bottom":1711,"width":143,"height":132,"childCount":0,"index":19,"depth":7}},{"id":32,"pid":6,"idQf":null,"textQf":false,"attr":{"id":null,"vid":null,"name":"android.widget.TextView","text":"保存提示","desc":null,"clickable":false,"focusable":false,"checkable":false,"checked":false,"editable":false,"longClickable":false,"visibleToUser":true,"left":44,"top":1794,"right":190,"bottom":1848,"width":146,"height":54,"childCount":0,"index":20,"depth":7}},{"id":33,"pid":6,"idQf":null,"textQf":false,"attr":{"id":null,"vid":null,"name":"android.widget.TextView","text":"保存时提示\"正在保存快照\"","desc":null,"clickable":false,"focusable":false,"checkable":false,"checked":false,"editable":false,"longClickable":false,"visibleToUser":true,"left":44,"top":1848,"right":414,"bottom":1893,"width":370,"height":45,"childCount":0,"index":21,"depth":7}},{"id":34,"pid":6,"idQf":null,"textQf":null,"attr":{"id":null,"vid":null,"name":"android.view.View","text":null,"desc":null,"clickable":true,"focusable":true,"checkable":true,"checked":true,"editable":false,"longClickable":false,"visibleToUser":true,"left":893,"top":1777,"right":1036,"bottom":1909,"width":143,"height":132,"childCount":0,"index":22,"depth":7}},{"id":35,"pid":6,"idQf":null,"textQf":null,"attr":{"id":null,"vid":null,"name":"android.view.View","text":null,"desc":null,"clickable":true,"focusable":true,"checkable":false,"checked":false,"editable":false,"longClickable":false,"visibleToUser":true,"left":0,"top":1942,"right":1080,"bottom":2107,"width":1080,"height":165,"childCount":4,"index":23,"depth":7}},{"id":36,"pid":35,"idQf":null,"textQf":false,"attr":{"id":null,"vid":null,"name":"android.widget.TextView","text":"Github Cookie","desc":null,"clickable":false,"focusable":false,"checkable":false,"checked":false,"editable":false,"longClickable":false,"visibleToUser":true,"left":44,"top":1975,"right":290,"bottom":2029,"width":246,"height":54,"childCount":0,"index":0,"depth":8}},{"id":37,"pid":35,"idQf":null,"textQf":false,"attr":{"id":null,"vid":null,"name":"android.widget.TextView","text":"生成快照/日志链接","desc":null,"clickable":false,"focusable":false,"checkable":false,"checked":false,"editable":false,"longClickable":false,"visibleToUser":true,"left":44,"top":2029,"right":309,"bottom":2074,"width":265,"height":45,"childCount":0,"index":1,"depth":8}},{"id":38,"pid":35,"idQf":null,"textQf":false,"attr":{"id":null,"vid":null,"name":"android.widget.TextView","text":"获取教程","desc":null,"clickable":true,"focusable":true,"checkable":false,"checked":false,"editable":false,"longClickable":false,"visibleToUser":true,"left":313,"top":1986,"right":445,"bottom":2118,"width":132,"height":132,"childCount":0,"index":2,"depth":8}},{"id":39,"pid":35,"idQf":null,"textQf":null,"attr":{"id":null,"vid":null,"name":"android.view.View","text":null,"desc":"Github Cookie","clickable":false,"focusable":false,"checkable":false,"checked":false,"editable":false,"longClickable":false,"visibleToUser":true,"left":970,"top":1992,"right":1036,"bottom":2058,"width":66,"height":66,"childCount":0,"index":3,"depth":8}},{"id":40,"pid":6,"idQf":null,"textQf":false,"attr":{"id":null,"vid":null,"name":"android.widget.TextView","text":"界面记录","desc":null,"clickable":false,"focusable":false,"checkable":false,"checked":false,"editable":false,"longClickable":false,"visibleToUser":true,"left":44,"top":2157,"right":170,"bottom":2202,"width":126,"height":45,"childCount":0,"index":24,"depth":7}},{"id":41,"pid":6,"idQf":null,"textQf":false,"attr":{"id":null,"vid":null,"name":"android.widget.TextView","text":"记录界面","desc":null,"clickable":false,"focusable":false,"checkable":false,"checked":false,"editable":false,"longClickable":false,"visibleToUser":true,"left":44,"top":2269,"right":190,"bottom":2323,"width":146,"height":54,"childCount":0,"index":25,"depth":7}},{"id":42,"pid":6,"idQf":null,"textQf":false,"attr":{"id":null,"vid":null,"name":"android.widget.TextView","text":"记录打开的应用及界面","desc":null,"clickable":false,"focusable":false,"checkable":false,"checked":false,"editable":false,"longClickable":false,"visibleToUser":true,"left":44,"top":2323,"right":360,"bottom":2368,"width":316,"height":45,"childCount":0,"index":26,"depth":7}},{"id":43,"pid":6,"idQf":null,"textQf":null,"attr":{"id":null,"vid":null,"name":"android.view.View","text":null,"desc":null,"clickable":true,"focusable":true,"checkable":true,"checked":false,"editable":false,"longClickable":false,"visibleToUser":true,"left":893,"top":2252,"right":1036,"bottom":2384,"width":143,"height":132,"childCount":0,"index":27,"depth":7}},{"id":44,"pid":5,"idQf":null,"textQf":null,"attr":{"id":null,"vid":null,"name":"android.view.View","text":null,"desc":null,"clickable":false,"focusable":false,"checkable":false,"checked":false,"editable":false,"longClickable":false,"visibleToUser":true,"left":0,"top":0,"right":1080,"bottom":280,"width":1080,"height":280,"childCount":2,"index":1,"depth":6}},{"id":45,"pid":44,"idQf":null,"textQf":null,"attr":{"id":null,"vid":null,"name":"android.widget.Button","text":null,"desc":null,"clickable":true,"focusable":true,"checkable":false,"checked":false,"editable":false,"longClickable":false,"visibleToUser":true,"left":11,"top":126,"right":143,"bottom":258,"width":132,"height":132,"childCount":0,"index":0,"depth":7}},{"id":46,"pid":44,"idQf":null,"textQf":false,"attr":{"id":null,"vid":null,"name":"android.widget.TextView","text":"高级设置","desc":null,"clickable":false,"focusable":false,"checkable":false,"checked":false,"editable":false,"longClickable":false,"visibleToUser":true,"left":154,"top":159,"right":350,"bottom":224,"width":196,"height":65,"childCount":0,"index":1,"depth":7}},{"id":47,"pid":0,"idQf":true,"textQf":null,"attr":{"id":"android:id/navigationBarBackground","vid":null,"name":"android.view.View","text":null,"desc":null,"clickable":false,"focusable":false,"checkable":false,"checked":false,"editable":false,"longClickable":false,"visibleToUser":false,"left":0,"top":2356,"right":1080,"bottom":2400,"width":1080,"height":44,"childCount":0,"index":1,"depth":1}}]}